video_id,domain,url,status,notes
nutrition-01,nutrition/diet,https://www.youtube.com/watch?v=rQsiXvWNUV0,downloaded,Already present: nutrition-01.webm
nutrition-02,nutrition/diet,https://www.youtube.com/watch?v=vhKbjLDtghQ,download_error,Download failed: ERROR: [youtube] vhKbjLDtghQ: This video is not available
nutrition-03,nutrition/diet,https://www.youtube.com/watch?v=8V15Z-yyiVg,downloaded,Already present: nutrition-03.f616.mp4
nutrition-04,nutrition/diet,https://www.youtube.com/watch?v=bMXm1Wbjly8,downloaded,Downloaded; verify license and claim manually.
nutrition-05,nutrition/diet,https://www.youtube.com/watch?v=xmOpfR9fgpg,download_error,Download failed: ERROR: [youtube] xmOpfR9fgpg: This video is not available
supplements-01,supplements,https://www.youtube.com/watch?v=XV_B96fAzKs,downloaded,Downloaded; verify license and claim manually.
supplements-02,supplements,https://www.youtube.com/watch?v=FcOQwtBOqk0,download_error,"Download failed: ERROR: [youtube] FcOQwtBOqk0: Unable to download API page: HTTPSConnection(host='www.youtube.com', port=443): Failed to resolve 'www.youtube.com' ([Errno 11001] getaddrinfo failed) (caused by TransportError(""HTTPSConnection(host='www.youtube.com', port=443): Failed to resolve 'www.youtube.com' ([Errno 11001] getaddrinfo failed)""))"
supplements-03,supplements,https://www.youtube.com/watch?v=-tfi8XQxFiA,download_error,"Download failed: ERROR: [youtube] -tfi8XQxFiA: Unable to download API page: HTTPSConnection(host='www.youtube.com', port=443): Failed to resolve 'www.youtube.com' ([Errno 11001] getaddrinfo failed) (caused by TransportError(""HTTPSConnection(host='www.youtube.com', port=443): Failed to resolve 'www.youtube.com' ([Errno 11001] getaddrinfo failed)""))"
supplements-04,supplements,https://www.youtube.com/watch?v=VBduQSuqimc,download_error,"Download failed: ERROR: [youtube] VBduQSuqimc: Unable to download API page: HTTPSConnection(host='www.youtube.com', port=443): Failed to resolve 'www.youtube.com' ([Errno 11001] getaddrinfo failed) (caused by TransportError(""HTTPSConnection(host='www.youtube.com', port=443): Failed to resolve 'www.youtube.com' ([Errno 11001] getaddrinfo failed)""))"
supplements-05,supplements,https://www.youtube.com/watch?v=ySnxm90_edQ,download_error,"Download failed: ERROR: [youtube] ySnxm90_edQ: Unable to download API page: HTTPSConnection(host='www.youtube.com', port=443): Failed to resolve 'www.youtube.com' ([Errno 11001] getaddrinfo failed) (caused by TransportError(""HTTPSConnection(host='www.youtube.com', port=443): Failed to resolve 'www.youtube.com' ([Errno 11001] getaddrinfo failed)""))"
vaccines-01,vaccines,https://www.youtube.com/watch?v=4kzTGcIpxgQ,download_error,"Download failed: ERROR: [youtube] 4kzTGcIpxgQ: Unable to download API page: HTTPSConnection(host='www.youtube.com', port=443): Failed to resolve 'www.youtube.com' ([Errno 11001] getaddrinfo failed) (caused by TransportError(""HTTPSConnection(host='www.youtube.com', port=443): Failed to resolve 'www.youtube.com' ([Errno 11001] getaddrinfo failed)""))"
vaccines-02,vaccines,https://www.youtube.com/watch?v=iHUT1CtxB8E,download_error,"Download failed: ERROR: [youtube] iHUT1CtxB8E: Unable to download API page: HTTPSConnection(host='www.youtube.com', port=443): Failed to resolve 'www.youtube.com' ([Errno 11001] getaddrinfo failed) (caused by TransportError(""HTTPSConnection(host='www.youtube.com', port=443): Failed to resolve 'www.youtube.com' ([Errno 11001] getaddrinfo failed)""))"
vaccines-03,vaccines,https://www.youtube.com/watch?v=rNw-6Kw9tf8,download_error,"Download failed: ERROR: [youtube] rNw-6Kw9tf8: Unable to download API page: HTTPSConnection(host='www.youtube.com', port=443): Failed to resolve 'www.youtube.com' ([Errno 11001] getaddrinfo failed) (caused by TransportError(""HTTPSConnection(host='www.youtube.com', port=443): Failed to resolve 'www.youtube.com' ([Errno 11001] getaddrinfo failed)""))"
vaccines-04,vaccines,https://www.youtube.com/watch?v=XlH9mBLj5Oo,download_error,"Download failed: ERROR: [youtube] XlH9mBLj5Oo: Unable to download API page: HTTPSConnection(host='www.youtube.com', port=443): Failed to resolve 'www.youtube.com' ([Errno 11001] getaddrinfo failed) (caused by TransportError(""HTTPSConnection(host='www.youtube.com', port=443): Failed to resolve 'www.youtube.com' ([Errno 11001] getaddrinfo failed)""))"
vaccines-05,vaccines,https://www.youtube.com/watch?v=--2ZV3YYsgQ,download_error,"Download failed: ERROR: [youtube] --2ZV3YYsgQ: Unable to download API page: HTTPSConnection(host='www.youtube.com', port=443): Failed to resolve 'www.youtube.com' ([Errno 11001] getaddrinfo failed) (caused by TransportError(""HTTPSConnection(host='www.youtube.com', port=443): Failed to resolve 'www.youtube.com' ([Errno 11001] getaddrinfo failed)""))"
cancer-01,cancer,https://www.youtube.com/watch?v=sGqykKwA2pA,download_error,"Download failed: ERROR: [youtube] sGqykKwA2pA: Unable to download API page: HTTPSConnection(host='www.youtube.com', port=443): Failed to resolve 'www.youtube.com' ([Errno 11001] getaddrinfo failed) (caused by TransportError(""HTTPSConnection(host='www.youtube.com', port=443): Failed to resolve 'www.youtube.com' ([Errno 11001] getaddrinfo failed)""))"
cancer-02,cancer,https://www.youtube.com/watch?v=Y-0jZOk9ytQ,download_error,"Download failed: ERROR: [youtube] Y-0jZOk9ytQ: Unable to download API page: HTTPSConnection(host='www.youtube.com', port=443): Failed to resolve 'www.youtube.com' ([Errno 11001] getaddrinfo failed) (caused by TransportError(""HTTPSConnection(host='www.youtube.com', port=443): Failed to resolve 'www.youtube.com' ([Errno 11001] getaddrinfo failed)""))"
cancer-03,cancer,https://www.youtube.com/watch?v=eLBmW629xI0,download_error,"Download failed: ERROR: [youtube] eLBmW629xI0: Unable to download API page: HTTPSConnection(host='www.youtube.com', port=443): Failed to resolve 'www.youtube.com' ([Errno 11001] getaddrinfo failed) (caused by TransportError(""HTTPSConnection(host='www.youtube.com', port=443): Failed to resolve 'www.youtube.com' ([Errno 11001] getaddrinfo failed)""))"
cancer-04,cancer,https://www.youtube.com/watch?v=cdm6HbFeE4A,download_error,"Download failed: ERROR: [youtube] cdm6HbFeE4A: Unable to download API page: HTTPSConnection(host='www.youtube.com', port=443): Failed to resolve 'www.youtube.com' ([Errno 11001] getaddrinfo failed) (caused by TransportError(""HTTPSConnection(host='www.youtube.com', port=443): Failed to resolve 'www.youtube.com' ([Errno 11001] getaddrinfo failed)""))"
cancer-05,cancer,https://www.youtube.com/watch?v=8dl8NXez8JM,download_error,"Download failed: ERROR: [youtube] 8dl8NXez8JM: Unable to download API page: HTTPSConnection(host='www.youtube.com', port=443): Failed to resolve 'www.youtube.com' ([Errno 11001] getaddrinfo failed) (caused by TransportError(""HTTPSConnection(host='www.youtube.com', port=443): Failed to resolve 'www.youtube.com' ([Errno 11001] getaddrinfo failed)""))"
mental-health-01,mental health,https://www.youtube.com/watch?v=jBS7v-v5oMo,download_error,"Download failed: ERROR: [youtube] jBS7v-v5oMo: Unable to download API page: HTTPSConnection(host='www.youtube.com', port=443): Failed to resolve 'www.youtube.com' ([Errno 11001] getaddrinfo failed) (caused by TransportError(""HTTPSConnection(host='www.youtube.com', port=443): Failed to resolve 'www.youtube.com' ([Errno 11001] getaddrinfo failed)""))"
mental-health-02,mental health,https://www.youtube.com/watch?v=uTZXjvcsMlU,download_error,"Download failed: ERROR: [youtube] uTZXjvcsMlU: Unable to download API page: HTTPSConnection(host='www.youtube.com', port=443): Failed to resolve 'www.youtube.com' ([Errno 11001] getaddrinfo failed) (caused by TransportError(""HTTPSConnection(host='www.youtube.com', port=443): Failed to resolve 'www.youtube.com' ([Errno 11001] getaddrinfo failed)""))"
mental-health-03,mental health,https://www.youtube.com/watch?v=wsqjg5v_vNs,download_error,"Download failed: ERROR: [youtube] wsqjg5v_vNs: Unable to download API page: HTTPSConnection(host='www.youtube.com', port=443): Failed to resolve 'www.youtube.com' ([Errno 11001] getaddrinfo failed) (caused by TransportError(""HTTPSConnection(host='www.youtube.com', port=443): Failed to resolve 'www.youtube.com' ([Errno 11001] getaddrinfo failed)""))"
mental-health-04,mental health,https://www.youtube.com/watch?v=QY1u1VHQJWQ,download_error,"Download failed: ERROR: [youtube] QY1u1VHQJWQ: Unable to download API page: HTTPSConnection(host='www.youtube.com', port=443): Failed to resolve 'www.youtube.com' ([Errno 11001] getaddrinfo failed) (caused by TransportError(""HTTPSConnection(host='www.youtube.com', port=443): Failed to resolve 'www.youtube.com' ([Errno 11001] getaddrinfo failed)""))"
mental-health-05,mental health,https://www.youtube.com/watch?v=BA-aiHdNwLs,download_error,"Download failed: ERROR: [youtube] BA-aiHdNwLs: Unable to download API page: HTTPSConnection(host='www.youtube.com', port=443): Failed to resolve 'www.youtube.com' ([Errno 11001] getaddrinfo failed) (caused by TransportError(""HTTPSConnection(host='www.youtube.com', port=443): Failed to resolve 'www.youtube.com' ([Errno 11001] getaddrinfo failed)""))"
